whats_included,name,url,contact_phone,price,value,discount,contact_address,small_print,contact_name,bought,contact_map,contact_website,why_we_love_it,description
"<ul>
<li>Return flights from London (Gatwick, Luton, Southend and Stansted), Belfast, Birmingham, Bristol, Leeds Bradford, Liverpool or Manchester</li>
<li>Return transfers</li>
<li>Seven nights at the 5-star VidaMar Resort Algarve<b> </b></li>
<li><b>Upgrade to a Sea View Room</b></li>
<li>Daily breakfast and dinner</li>
</ul>,<ul>
<li>Child prices start at <b>£199 per child</b> aged 2-11</li>
<li>Stay <b>three nights </b>for £199 per person, <b>four nights</b> for £249 per person or <b>10 nights</b> for £439 per person.</li>
</ul>","£349pp -- 5-Star Algarve Week w/Meals & Flights, Save 41%,
                    
                ",,,,,,,,,,,,,"For,<b> £349 per person</b>,, stay at a luxurious hotel on Portugal's southernmost tip and save up to 41% on the cost of packaging the holiday yourself. This deal, which also includes flights, meals and transfers, covers a range of spring and winter dates -- ,<b>""a</b>, ,<b>wonderful time to have the Algarve to yourself</b>,<b>""</b>,, according to ,<i>The Daily Telegraph</i>,."
"<ul>
<li>Return flights</li>
<li>Seven nights at the <b>5-star Ramada Resort Akbuk</b></li>
<li>Upgrade to a <b>Seaview Room </b>with a bowl of fruit and bottle of wine on arrival</li>
<li><b>24-hour all-inclusive board</b>, covering all meals, snacks and drinks</li>
<li>Two dinners per person at the hotel's two à la carte restaurants</li>
<li>20% off spa treatments</li>
</ul>","£329pp -- Turkey: 5-Star 24-Hour All-Inc May Holiday,
                    
                ",,,,,,,,,,,,,"For ,<b>£329 per person</b>,, Going Luxury is offering a chance to stay at a,<b> 5-star hotel</b>, in Turkey on a 24-hour all-inclusive basis. The offer, which also includes flights and a room upgrade, ,<b>saves up to 26%</b>, on self-packaging."
,We are now transferring you ...,,,,,,,,,,,,,
"<ul>
<li>Return flights</li>
<li>Three nights at the Vanilla Aparthotel, in a Standard Apartment</li>
<li>Daily breakfast</li>
<li>Tour of KL Auschwitz-Birkenau Memorial and Museum</li>
</ul>","£169pp -- Deluxe Krakow Getaway with Flights & Tour,
                    
                         ,
                    
                ",,,,,,,,,,,,,"Qwerty Travel has cut the price of a ,<b>3-night break to Krakow</b>,, Poland's historic second city, to ,<b>£169 per person</b>,. This deal, which includes flights, a deluxe apartment stay, daily breakfast, a tour and travel dates across,<b> spring</b>,,,<b> summer </b>,and,<b> autumn</b>,, would cost ,<b>over 25% more</b>, to put together yourself. "
,Destination: Greece,,,,,,,,,,,,,
,"Featured Destination: Greater Fort Lauderdale, Florida ",,,,,,,,,,,,,
,Featured Destination: Mauritius,,,,,,,,,,,,,
,Featured Destination: Gozo,,,,,,,,,,,,,
,"£499pp -- Madeira 5-Star Week inc Meals & Flights, Save 51%,
                    
                         ,
                    
                ",,,,,,,,,,,,,"This package from Inspired Luxury Escapes covers ,<b>eight months of travel dates</b>,, return flights from six airports and a 7-night stay at an ,<b>award-winning 5-star hotel</b>, in Madeira. Now,<b> </b>,<b>£499 per person</b>,, this deal is 51% cheaper than you'll find it elsewhere.,<b><br></b>"
,We are now transferring you ...,,,,,,,,,,,,,
"<ul>
<li>A Sunday-night stay at the 5-star <b>Grange Tower Bridge Hotel</b></li>
<li>Full English breakfast</li>
<li>Monday-morning entrance** to <b>The View from The Shard</b> (worth £24.95 per person)</li>
<li>Price is based on two people sharing a Superior Twin/Double room. A £50 single supplement applies</li>
</ul>","£89.95pp -- Tower Bridge Hotel Stay & Ticket to The Shard,
                    
                ",,,,,,,,,,,,,"Enjoy a stay in the capital with this ,<b>deluxe central-London hotel</b>, package that also includes tickets to ,<b>The View from The Shard</b>, -- the highest viewing platform at the top of Western Europe's tallest building. ,<span style=""color: #000000;"">Available until the end of March, this exclusive package would make an <b>ideal gift for Valentine's Day</b>.</span>"
"<ul><li>Valid for Sunday-Friday stays until 31 May</li><li>Overnight accommodation for two people in a Feature Room with full English breakfast</li><li>
A 3-course set-menu dinner (worth £28 per person)</li><li>
A glass of prosecco each (worth £5.25 per person)</li><li>
<b>A 2-night stay is £239 per room, with the extra night on a bed-and-breakfast basis</b></li><li>
<b>You can <a tabindex=""0"" target=""_blank"" href=""http://www.travelzoo.com/uk/local-deals/Derbyshire/Restaurant/163236"">add on sparkling afternoon tea for £19</a> and </b><a target=""_blank"" href=""http://www.travelzoo.com/uk/local-deals/Derbyshire/Restaurant/163241""><b>a 2-course lunch with prosecco for £29</b></a></li></ul>","£139 -- 'Super-Stylish' Peak District Gourmet Stay, £100 Off",http://www.travelzoo.com/uk/local-deals/Midlands/Getaway/162581?tz_adid=1955270,Tel: 01246 566142,£139,£241.50,42% off,"Darley Road,Stonedge,Chesterfield,  S45 0LW","<b>Not available on</b>, 13, 16 February; 20, 25 March; 2-6 April. Subject to availability. Rooms at the promotional price are limited, so early booking is advised.",Peak Edge Hotel,37 bought,"
	
                                ,
                            
",,"<ul><li>You'll get dinner in the <b>2-AA-Rosette restaurant</b>, praised for its ""inventive contemporary British dishes"" by The AA, with a menu ""designed to stimulate the imagination as well as the tastebuds""<br></li><li>The property has been named the <b>Gastro Pub of the Year</b> at the Derbyshire Food and Drink Awards three years in a row, and is listed in <i>The Good Food Guide, 2015</i><br> </li><li>The historic inn, parts of which date back the 17th century, blends stone walls and wooden floors with <b>""super-stylish rooms""</b>, according to the <i>Daily Mail</i>, replete with contemporary comforts<br></li><li>Located just outside the Peak District National Park, the Peak Edge Hotel is only 10 minutes' drive from the market towns of Chesterfield, Bakewell and Matlock, plus the historical homes of Chatsworth House and Haddon Hall</li></ul>","
                        ,<b>Save over £100</b>, on a boutique break on the edge of the ,<b>Peak District National Park</b>,. The AA says, ""food is a highlight of any stay"" at the Peak Edge Hotel, so you'll be pleased to know this ,<b>42%-off </b>,stay also includes a 3-course dinner.
                    "
"<ul><li>Valid Sunday-Thursday until 30 April</li><li>An overnight stay for two people in a Standard Double Room with full English breakfast</li><li>
A 5-course carvery style set-menu dinner (worth £29.50 per person)</li><li>
<b>We have also negotiated a 2-night package for £169 -- including daily full English breakfast; a 5-course set-menu dinner on the first night and afternoon tea (served 2-5pm) on the second day only</b></li><li>
<b><a target=""_blank"" href=""http://www.travelzoo.com/uk/local-deals/North-Yorkshire/Spa/161306"">Add on a 3-hour spa treat for £29 (or £57 for two) -- including access to the facilities, a glass of sparkling wine and a choice of treatments</a><b></b></b></li></ul>","£89 -- 4-Star Yorkshire Stay with 5-Course Dinner, 51% Off",http://www.travelzoo.com/uk/local-deals/Northeast/Getaway/161303?tz_adid=1950154,Tel: 01937 580115,£89,£181,51% off,"Walshford,Wetherby,  LS22 5HS","<b><font color=""#ff0000"">Update (12pm on Tuesday 10 February): 16-18 February; 1-2, 16, 23, 26 April have now sold out. </font>Not available on</b>, 5-6 April. Subject to availability. Rooms at the promotional price are limited, so early booking is advised.",The Bridge Hotel & Spa,186 bought,"
	
                                ,
                            
",,"<ul><li><i>The AA Hotel Guide 2014</i> praises the ""stylish"" and ""comfortable"" bedrooms at this 4-star hotel<br></li><li>Parts of this 4-star property date from the 17th century, when it was originally built as a coaching inn<br></li><li>The property is within a 30-minute drive of Harrogate, Leeds and York</li></ul>","
                        The Bridge Hotel & Spa in Wetherby is in ,<b>a great location for exploring Harrogate, Leeds and York</b>,. An overnight stay for two -- including a 5-course dinner -- ,<b>is now £89, saving up to 51%</b>, ,<b>on the usual price</b>,.
                    "
"<ul><li>This offer is valid Sunday-Thursday until 31 March. Friday and Saturday nights are an extra £10 (payable direct to the hotel on booking)</li><li>Overnight accommodation for two in a Standard Double Room (pictured) with full English breakfast</li><li>
<b><a target=""_blank"" href=""http://www.marshallmeadowshotel.co.uk/images/pdfs/mm_menu_dinner.pdf"">3-course dinner</a></b> (worth £25.95 per person)</li><li>
<b>A 2-night package with breakfast on both days and dinner on the first night only is £149</b></li></ul>","£89 -- Northumberland Country House Stay w/Dinner, 41% Off",http://www.travelzoo.com/uk/local-deals/Northeast/Getaway/161510?tz_adid=1947531,Tel: 01289 331133,£89,£151,41% off,"Berwick-upon-Tweed,Northumberland,  TD15 1UT","<b>Not available on</b>, 14 February; 6-7, 14, 21, 27-28 March. Subject to availability. Rooms at the promotional price are limited, so early booking is advised.",Marshall Meadows Country House Hotel,17 bought,"
	
                                ,
                            
",,"<ul><li>The hotel is set in 15 acres of woodland gardens and has sea views. Berwick-upon-Tweed is less than one mile away <br></li><li><a target=""_blank"" href=""http://www.marshallmeadowshotel.co.uk/index.php/discover-the-borders""><b>There's lots to discover in the area</b></a>, including historic castles and houses, market towns, beaches and riverside walks -- the Berwickshire Coastal Path runs on the edge of the hotel's grounds<br></li><li>This offer includes a <b><a tabindex=""-1"" href=""http://www.marshallmeadowshotel.co.uk/images/pdfs/mm_menu_dinner.pdf"">3-course dinner</a> </b>in the restaurant which uses local seasonal produce -- we like the sound of the Meadows game pie<br></li><li>The hotel is 300 yards from the Scottish Border -- Edinburgh is just over an hour's drive away<br></li><li>You could also drive to Northumberland National Park in less than 90 minutes</li></ul>","
                        Marshall Meadows is on the border of England and Scotland so it is a perfect base from which to explore Northumberland or the Scottish borders. ,<b>Overnight stays for two with dinner included are now £89 -- saving you over 40%.</b>,
                    "
"<ul>
<li>Accommodation for two people in an upgraded Four Poster Room with full Irish breakfast. <b>A</b><b> 2-night minimum stay applies</b></li>
<li>A bottle of house wine and chocolates in the room on arrival (worth 30€)</li>
<li>A 3-course dinner in the 2-AA-Rosette Barton Rooms Restaurant, worth 55€ per person (once per stay)</li>
<li>Additional nights are an extra £112 (149.50€) per room, per night (Thursday and Friday arrivals only)</li>
</ul>","£224 (299€) -- Kildare 2-Night Castle Stay w/Meals, 45% Off,
                    
                ",,,,,,,,,,,,,"<b></b>,<b>Save up to 45% on this 2-night getaway</b>, at Barberstown Castle, a 4-star hotel near Dublin that dates from the 13th century and was once home to Eric Clapton."
,"£216pp -- France 7-Nt Apartment Stay­ w/Ski Pass (4-share),
                    
                         ,
                    
                ",,,,,,,,,,,,,"<i>The Daily Telegraph</i>, describes Serre Chevalier as one of its favourite ski resorts, due to the ""small family-run hotels and restaurants in old stone buildings"". This deal from MountVacation includes a 7-night stay in Chantemerle, with a 6-day ski pass for ,<b>£216 per person</b>, -- that's,<b> up to 31% off</b>, the normal price."
"<ul><li>Valid for stays seven days a week until 31 May</li><li>A 2-night stay for two people in a Standard Double or Twin Room with full Welsh breakfast both mornings</li><li>
A bottle of prosecco on arrival (worth £26)</li><li>
A <b>3-night stay is £269 per room</b>, with the extra night on a bed-and-breakfast basis</li></ul>","£189 -- 'Lavish' 2-Night Anglesey Break w/Bubbly, Save 50%",http://www.travelzoo.com/uk/local-deals/Wales/Getaway/161370?tz_adid=1945441,Tel: 01248 750750,£189,£381,50% off,"Capel Coch,Llangefni,Isle of Anglesey, Wales,  LL77 7UR","<b>Not available on </b>,13-15 February. Spa treatments must be booked in advance to avoid disappointment. Subject to availability. Rooms at the promotional price are limited, so early booking is advised. Update: this deal has now sold out on 16-21, 28 February; 6, 13-14, 28 March; 3-5, 9-10, 18 April; 1-3, 23, 30 May. ",Tre-Ysgawen Hall Hotel & Spa,240 bought,"
	
                                ,
                            
",,"<ul><li><b>Pay half price</b> for this <b>2-night stay</b>, which includes prosecco and access to the thermal suite and spa, with a salt-inhalation room, a herbal sauna, a swimming pool and a gym<br></li><li>The <i>Daily Mirror </i>says it's <b>""perfect for a hidden romantic weekend away""</b>, praising the ""exquisite"" food and ""lavish"" interior that feels like being ""transported to an episode of 'Downton Abbey'"" <br></li><li>Set in acres of gardens and with views of the Snowdonia Mountains, this Victorian mansion has hosted guests including Demi Moore, Sir David Attenborough and Alicia Keys<br></li><li>The hotel holds VisitWales Gold and Spa awards, and has been named Anglesey Hotel of the Year by the local tourism board three years in a row</li></ul>","
                        With award-winning beaches and ,<b>127 miles of wild coastal paths</b>,, there's a lot to love about Anglesey -- including the award-winning Tre-Ysgawen Hall Country House Hotel & Spa. With this exclusive deal, you can sup, sleep and spa at this North Wales gem -- all while ,<b>saving up to 50% </b>,on the regular rates.
                    "
"<ul><li>Sunday-Thursday from 3 March-28 May</li><li>Two nights' accommodation in either a Brontë Apartment (sleeps up to three) or a Withins Apartment (sleeps up to four) </li><li>
Friday- and Saturday-night stays are an extra £50 per apartment, per night (payable directly to the hotel)</li><li>
Dogs are permitted, free of charge, in apartments 1, 2, 3 and 4 only.</li></ul>",£99 -- Yorkshire 2-Night Apartment Stay in Brontë Country,http://www.travelzoo.com/uk/local-deals/Northeast/Getaway/162952?tz_adid=1955105,Tel: 01535 646900,£99,£200,51% off,"New Westfield Farm,Upper Marsh Lane,Oxenhope,  BD22 9RH","<b>Not available on</b>, 3-5 April; 3, 17 May. Subject to availability. Rooms at the promotional price are limited, so early booking is advised. Accommodation for this deal is provided in the following apartments: 1, 2, 3, 4, 18, 19 and 20. ,<font color=""#ff0000""><b>Not available on 9, 15 March.</b></font>",Westfield Lodge,24 bought,"
	
                                ,
                            
",,"<ul><li><b>You save 51% on a 2-night country escape</b> at Westfield Lodge in West Yorkshire<br></li><li>Some of the apartments have a <b>south-facing, private patio area</b>; all are fully furnished and self-catering<br></li><li>Yorkshire was voted the <b>third-best place to visit in the world </b>in <i>Lonely Planet</i>'s Best of Travel 2014<br></li><li>Haworth village, once home to the Brontë sisters, is a mile from the hotel</li></ul>","
                        For £99 per apartment, you can spend,<b> two nights in a 2-bedroom lodge</b>, near the historic village of Haworth in Yorkshire. Sleeping up to four, these self-catering apartments are great for a break with family or friends, plus some have a ,<b>private patio area</b>,.
                    "
"<ul>
<li>Return flights from 11 airports</li>
<li>Three nights at the <b>5-star Conrad Algarve</b> in a Deluxe King Room with Pool Views</li>
<li>Daily breakfast</li>
<li><b>Return transfers</b></li>
<li><b>One free 3-course evening meal per person, per stay, at the Louro restaurant</b></li>
</ul>,<ul>
<li><span style=""color: #1f497d;""><span style=""color: #000000;""><b>Add car hire</b> from £10 per day</span> </span></li>
<li>Stay for <b>four nights from £349 per person</b>,<b> five nights from £399</b> <b>per person</b> or for <b>seven nights from £499 per person</b></li>
</ul>","£279pp -- 5-Star Algarve Holiday fr 11 Airports, 52% Off,
                    
                         ,
                    
                ",,,,,,,,,,,,,"The 5-star Conrad Algarve hotel, winner of awards at the World Travel Awards and the World Luxury Hotels awards,,<span> has ""<span>striking interior designs"" according to <i>The Daily</i> <i>Telegraph. </i></span></span>,Stay there for ,<b>£279 per person</b>,, including flights, with this 3-night package from Fleetway Travel that ,<b>saves </b>,<b>up to 52% </b>,on competitors' rates."
"<ul>
<li>Return flights from London Gatwick or London Stansted</li>
<li>Seven nights in an <b>upgraded Superior Room</b> at Elea Village on an <b>all-inclusive basis</b></li>
<li>Fruit basket and bottle of wine on arrival</li>
<li>Late checkout until 4pm</li>
<li><b>Day cruise with lunch and unlimited drinks**</b></li>
</ul>,<ul>
<li><b>Children under 12 travel</b> from £159 per person including transfers</li>
<li>Depart from <b>Mancheste</b>r from an extra £70 per person</li>
</ul>","£269pp -- Halkidiki All-Inclusive Week w/Cruise & Upgrade,
                    
                         ,
                    
                ",,,,,,,,,,,,,"For ,<b>golden-</b>,<b>sand beaches</b>, that dip into a ,<b>crystalline Aegean Sea</b>,, we recommend visiting Halkidiki's forested peninsula, Sithonia. And this all-inclusive week -- including a,<b> cruise along the area's stunning coastline</b>, -- means you can do just that. At ,<b>£269 per person</b>,, this deal saves up to 26% on the price of self-packaging. "
"<ul>
<li>Return flights from London Gatwick or London Heathrow</li>
<li>Transfers from Cape Town airport to the hotel</li>
<li><b>10 days' car hire with premium insurance and sat nav</b></li>
<li>Breakfast throughout</li>
<li>Three nights in <b>Cape Town</b> at the 4-star Rockwell All Suite Hotel &amp; Apartments in a 1-Bedroom Apartment</li>
<li><b>Hop-on, hop-off sightseeing bus tour in Cape Town­</b></li>
<li>Two nights in­ <b>Plettenberg Bay­</b> at the 4-star ­Redbourne Country Lodge­ in a Luxury Room</li>
<li>One night in <b>Cape St Francis</b> at the Cape St Francis Resort in a Club Break Room</li>
<li>Two nights in­ the <b>Addo Elephant National Park­</b> at the 5-star Kuzuko Lodge ­in a Luxury Chalet Room</li>
<li>Four game drives, plus breakfast, lunch and dinner at Kuzuko Lodge</li>
<li>Two nights in <b>Oudtshoorn­­</b> at the 4-star Mooiplaas Guesthouse in a Luxury Room</li>
<li>Tour of the Highgate Ostrich Show Farm in Oudtshoorn­­­</li>
<li>Two nights in­ <b>Stellenbosch</b> at the 4-star Spier Hotel in a Signature Room</li>
</ul>","£1299pp -- South Africa: 12-Nt Holiday inc Safari, £1000 Off,
                    
                         ,
                    
                ",,,,,,,,,,,,,"For ,<b>£1299 per person</b>,, travel across South Africa with this 12-night trip from British Travel Award-winners The Holiday Place. You'll visit Cape Town, drive along the Garden Route -- described as ""breathtakingly beautiful"" by ,<i>The Independent </i>,-- stay at a safari lodge and finish in the Stellenbosch winelands, all for ,<b>up to £1000 less than usual</b>,."
"<ul>
<li>Return flights</li>
<li>Seven nights at the <b>5-star Ramada Resort Akbuk</b></li>
<li>Upgrade to a <b>Seaview Room </b>with a bowl of fruit and bottle of wine on arrival</li>
<li><b>24-hour all-inclusive board</b>, covering all meals, snacks and drinks</li>
<li>Two dinners per person at the hotel's two à la carte restaurants</li>
<li>20% off spa treatments</li>
</ul>","£329pp -- Turkey: 5-Star 24-Hour All-Inc May Holiday,
                    
                ",,,,,,,,,,,,,"For ,<b>£329 per person</b>,, Going Luxury is offering a chance to stay at a,<b> 5-star hotel</b>, in Turkey on a 24-hour all-inclusive basis. The offer, which also includes flights and a room upgrade, ,<b>saves up to 26%</b>, on self-packaging."
"<ul>
<li>Return flights from London Gatwick, London Stansted or Manchester, with checked luggage</li>
<li>Seven nights at the 5-star Pilot Beach Resort</li>
<li><b>Upgrade to a Bungalow on the Beach with Sea Views</b></li>
<li>Daily breakfast and dinner</li>
<li>Welcome pack in the room on arrival (fruit, wine and­ water)</li>
<li><b>One­ Spa Thermal Experience per person</b>, ­including access to the sauna, bio sauna, steam bath and sprinkle showers</li>
<li>Children can eat and drink for free at the Tasty Corner every day from 11am-5pm</li>
</ul>","£299pp -- 5-Star Crete Escape w/Upgrade & Meals, Save 43%,
                    
                         ,
                    
                ",,,,,,,,,,,,,"This spring, head to Crete's northwest shores for a week-long holiday, including an ,<b>upgrade to a bungalow next to the beach</b>,. At £299 per person, this offer works out ,<b>£42 per night, including meals</b>, and extra treats. "
"<ul>
<li>Return flights from London (Gatwick, Stansted) or East Midlands</li>
<li>Five nights at the deluxe Hotel Bahia de Lobos</li>
<li><b>Upgrade to ­a Deluxe Pool View Room</b></li>
<li><b>All-inclusive board</b></li>
</ul>","£289pp -- Fuerteventura Deluxe All-Inclusive Holiday,
                    
                         ,
                    
                ",,,,,,,,,,,,,"With ""its dramatic volcano-carved landscape"", "",<b>unspoilt coast</b>,"" (the ,<i>Daily Express</i>,) and warm weather typical of the Canary Islands, Fuerteventura makes an ideal base for a spring or early summer escape. This holiday from Fleetway Travel is a great opportunity to take advantage of all this for,<b> £289 per person</b>,, including ,<b>all meals and drinks</b>,. "
"<strong>What: </strong>,Upgraded Charming Room for £51 (69€) per night,<br>,<strong>When: </strong>,Friday-Sunday until 30 April, plus 16-22 February & 6-19 April,<br>,<strong>Includes: </strong>,Upgrade to a Charming Room, daily breakfast, a welcome drink per person & late checkout until 2pm on Sundays (subject to availability) ,<br>,<br>,The price is based on two adults sharing. For information about travelling with children, see the ,<strong>Policies &amp; fees</strong>, section.,<br>","£51 -- Brussels Stay inc Breakfast & Drink, Save up to 41% ",http://www.travelzoo.com/uk/hotel-booking/2188/?adid=1955116,,,,,,,,,,,"<ul><li>You save up to 41% on the regular price </li><li>This offer includes a guaranteed upgrade &amp; breakfast for two</li><li>Wi-Fi is free throughout</li><li>This city-centre hotel is near Schuman Metro station, convenient for seeing the city sights   </li></ul>",
"<ul>
<li>Return flights with checked luggage</li>
<li>Seven nights at Domes of Elounda on a half-board basis</li>
<li>Upgrade to a Premium One Bedroom Suite with Outdoor Heated Jacuzzi and Sea View</li>
<li>Free 100€ spa credit per room</li>
<li>Welcome basket with chilled wine and fruit on arrival</li>
<li>VIP champagne check-in</li>
</ul>,<ul>
<li>Peak-summer holidays during <b>August</b> are also available for £999 per person, based on a family of four</li>
<li><b>Families</b> with two adults and one child can travel for £1249</li>
<li>For two adults and two children, it's £1495 with a free upgrade to a Family Suite Sea View with Heated Outdoor Jacuzzi -- alternatively, stay in a Domes Two Bedroom Luxury Residence with Private Pool for £2145</li>
</ul>","£599pp -- Crete 5-Star Award-Winning Resort w/Jacuzzi Suite,
                    
                         ,
                    
                ",,,,,,,,,,,,,"Spend a week in a ,<b>luxurious suite at an award-winning boutique resort</b>, in Crete for ,<b>£599 per person.</b>, This deal from Domes of Elounda Holidays ,<b>saves over a third</b>, on prices we've seen elsewhere -- not bad considering you get accommodation with ,<b>sea views</b>,, a ,<b>private Jacuzzi</b>,, meals and spa credit."
,,http://www.travelzoo.com/uk/hotel-booking/2118/?adid=1951545,,,,,,,,,,,"<ul><li>Intimate canalside property that oozes Venetian history </li>  <li>Complimentary afternoon tea served daily </li>  <li>Impressive breakfast, with eggs, waffles, pancakes &amp; more made to order</li>  <li>Great location -- St Mark’s Square &amp; the Rialto Bridge are only a 10-minute walk</li></ul>",
"<ul>
<li>Direct return flights with British Airways</li>
<li>23kg of checked luggage</li>
<li>Two nights in a <b>4-star hotel</b></li>
</ul>,<ul>
<li><b><a href=""http://www.travelzoo.com/uk/Redirect.ashx?id=1957001&amp;l=https%3a%2f%2fprf.hn%2fclick%2fcamref%3a10lo3C%2ftype%3acpc%2fadref%3aUKI%7cTravelZoo%7cTop_20_Hols%7cUK%2fdestination%3ahttp%3a%2f%2fad.doubleclick.net%2fddm%2fclk%2f281431113%3b108160778%3bx%3fhttp%3a%2f%2fwww.britishairways.com%2ftravel%2ffx%2fpublic%2fen_gb%3feId%3d111083%26productCode%3dNL-AMS-5800360%26productType%3dHotel%26saleOption%3dPAKFH%26depDate%3d12%2f02%2f15%26duration%3d2%26refevent%3dptr_tz_ams&amp;_t=xidVqzKF5fb9P9t8SPl"" target=""_blank"" rel=""nofollow"">Amsterdam… £129pp</a></b><br>BEST WESTERN Blue Tower Hotel (room only); fly from Gatwick or Heathrow on 22-25 February; 3, 8, 10, 15, 17, 22-23, 29 March</li>
<li><b><a href=""http://www.travelzoo.com/uk/Redirect.ashx?id=1957001&amp;l=https%3a%2f%2fprf.hn%2fclick%2fcamref%3a10lo3C%2ftype%3acpc%2fadref%3aUKI%7cTravelZoo%7cTop_20_Hols%7cUK%2fdestination%3ahttp%3a%2f%2fad.doubleclick.net%2fddm%2fclk%2f281431113%3b108160778%3bx%3fhttp%3a%2f%2fwww.britishairways.com%2ftravel%2ffx%2fpublic%2fen_gb%3feId%3d111083%26productCode%3dES-BCN-3097917%26productType%3dHotel%26saleOption%3dPAKFH%26depDate%3d12%2f03%2f15%26duration%3d2%26refevent%3dptr_tz_bca&amp;_t=Hg8CUaNDT1KkJWEgux7G"" target=""_blank"" rel=""nofollow"">Barcelona… £139pp</a></b><br>H10 Marina Barcelona Hotel (including daily breakfast); fly from Gatwick or Heathrow on 24 February; 7-11, 16 March</li>
<li><b><a href=""http://www.travelzoo.com/uk/Redirect.ashx?id=1957001&amp;l=https%3a%2f%2fprf.hn%2fclick%2fcamref%3a10lo3C%2ftype%3acpc%2fadref%3aUKI%7cTravelZoo%7cTop_20_Hols%7cUK%2fdestination%3ahttp%3a%2f%2fad.doubleclick.net%2fddm%2fclk%2f281431113%3b108160778%3bx%3fhttp%3a%2f%2fwww.britishairways.com%2ftravel%2ffx%2fpublic%2fen_gb%3feId%3d111083%26productCode%3dDE-BER-3023890%26productType%3dHotel%26saleOption%3dPAKFH%26depDate%3d12%2f02%2f15%26duration%3d2%26refevent%3dptr_tz_ber&amp;_t=HevkexadfdJ4GmTKrJy"" target=""_blank"" rel=""nofollow"">Berlin… £169pp</a></b><br>Park Inn by Radisson Berlin Alexanderplatz (including daily breakfast); fly from Heathrow on 22-23, 26, 28 February; 1, 7-8, 15-17, 22-23, 30 March</li>
<li><b><a href=""http://www.travelzoo.com/uk/Redirect.ashx?id=1957001&amp;l=https%3a%2f%2fprf.hn%2fclick%2fcamref%3a10lo3C%2ftype%3acpc%2fadref%3aUKI%7cTravelZoo%7cTop_20_Hols%7cUK%2fdestination%3ahttp%3a%2f%2fad.doubleclick.net%2fddm%2fclk%2f281431113%3b108160778%3bx%3fhttp%3a%2f%2fwww.britishairways.com%2ftravel%2ffx%2fpublic%2fen_gb%3feId%3d111083%26productCode%3dIT-ROM-4467230%26productType%3dHotel%26saleOption%3dPAKFH%26depDate%3d02%2f02%2f15%26duration%3d2%26refevent%3dptr_tz_rom&amp;_t=z5BlEVW0MMObIthBKiXf"" target=""_blank"" rel=""nofollow"">Rome… £149-150pp</a></b><br>Hotel Morgana (Deluxe Room including daily breakfast); fly from Heathrow on 22-26 February; 1-5, 7-12 March</li>
<li><b><a href=""http://www.travelzoo.com/uk/Redirect.ashx?id=1957001&amp;l=https%3a%2f%2fprf.hn%2fclick%2fcamref%3a10lo3C%2ftype%3acpc%2fadref%3aUKI%7cTravelZoo%7cTop_20_Hols%7cUK%2fdestination%3ahttp%3a%2f%2fad.doubleclick.net%2fddm%2fclk%2f281431113%3b108160778%3bx%3fhttp%3a%2f%2fwww.britishairways.com%2ftravel%2ffx%2fpublic%2fen_gb%3feId%3d111083%26productCode%3dAT-VIE-0455807%26productType%3dHotel%26saleOption%3dPAKFH%26depDate%3d02%2f02%2f15%26duration%3d2%26refevent%3dptr_tz_vie&amp;_t=Fl13NXVSiJhZI7Xugr3"" target=""_blank"" rel=""nofollow"">Vienna… £149pp</a></b><br>Hotel Exe Vienna (room only); fly from Heathrow on 15-18, 21-26, 28 February; 1, 3, 8-9, 12, 14-16, 22 March</li>
</ul>","£129pp & up -- European City Breaks w/BA Flts, up to 56% Off,
                    
                         ,
                    
                ",,,,,,,,,,,,,"<span>British Airways has just cut the price of city breaks to some of our favourite European destinations. Starting at <b>£129 per person</b>, these packages include 4-star accommodation, BA flights and the opportunity to <b>save up to a whopping 56%</b>**.</span>"
,"£349pp -- Venice: Ultra-Luxurious Private Island Break,
                    
                         ,
                    
                ",,,,,,,,,,,,,"Be among the first to experience the ,<b>brand-new</b>, JW Marriott Resort & Spa in Venice with this deal from Luxury Holiday Collection. The luxurious hotel is on a,<b> private island</b>, and has an ,<b>infinity pool overlooking the Venetian lagoon</b>, -- stay there for £349 per person, including flights, and ,<b>save up to 48%</b>, on the price of self-packaging. "
"<ul>
<li>Direct return flights to Mauritius with British Airways</li>
<li>Seven nights at <b>Long Beach Mauritius</b> in a Standard Garden View Room</li>
<li><b>All-inclusive meals and drinks</b></li>
</ul>","£1339pp -- Mauritius 5-Star All-Inclusive Escape w/BA Flts,
                    
                         ,
                    
                ",,,,,,,,,,,,,"Mix a tropical island, a 5-star resort and 1km of white-sand beach. Add a ,<b>28% discount</b>,** and ,<b>British Airways flights</b>, and this luxury holiday from British Airways is ready to be served."
"<ul>
<li>Return Eurotunnel crossing</li>
<li>Three nights accommodation in a Trapper Cabin at Disney's Davy Crockett Ranch for <b>two adults and up to four children under seven</b></li>
<li>4-day Park <span>Hopper tickets for Disneyland </span><span>Park and Walt Disney Studios</span><span> Park</span></li>
<li>Free half board (worth up to £276 per family)</li>
</ul>,<ul>
<li>19-23, 26-29 April</li>
<li>10-11, 17-21, 31 May</li>
<li>1-4, 7-11, 14-18, 21-24 June</li>
<li>6-10, 13-17, 20-24, 27-30 September</li>
<li>1, 4-8, 11-14, 18-21 October</li>
</ul>","£619 -- Disneyland Paris w/Eurotunnel & Meals (Family Price),
                    
                         ,
                    
                ",,,,,,,,,,,,,"Disneyland Paris has launched a brand-new offer, so you can now whisk your family away for up to ,<b>30% less</b>,**. A 3-night self-drive break including a ,<b>return Eurotunnel crossing</b>,, accommodation, meals -- worth up to £276 per family alone -- and park tickets for up to six people is,<b> £619</b>,."
,We are now transferring you ...,,,,,,,,,,,,,
"<ul>
<li>Return flights from London Gatwick, London Stansted or Manchester, with checked luggage</li>
<li>Seven nights at the 5-star Pilot Beach Resort</li>
<li><b>Upgrade to a Bungalow on the Beach with Sea Views</b></li>
<li>Daily breakfast and dinner</li>
<li>Welcome pack in the room on arrival (fruit, wine and­ water)</li>
<li><b>One­ Spa Thermal Experience per person</b>, ­including access to the sauna, bio sauna, steam bath and sprinkle showers</li>
<li>Children can eat and drink for free at the Tasty Corner every day from 11am-5pm</li>
</ul>","£299pp -- 5-Star Crete Escape w/Upgrade & Meals, Save 43%,
                    
                         ,
                    
                ",,,,,,,,,,,,,"This spring, head to Crete's northwest shores for a week-long holiday, including an ,<b>upgrade to a bungalow next to the beach</b>,. At £299 per person, this offer works out ,<b>£42 per night, including meals</b>, and extra treats. "
"<ul>
<li><span style=""color: #000000;"">Add <b>car hire</b> from £10 per day</span></li>
<li><span style=""color: #000000;""><b>Upgrade</b> to a Deluxe Sea View Room from £15 per person, per night</span></li>
<li><span style=""color: #000000;"">Stay <b>10 nights</b> from £399 per person or <b>14 nights</b> from £499 per person</span></li>
</ul>","£299pp -- Deluxe Cyprus Beach Holiday w/Meals, Save 53%,
                    
                         ,
                    
                ",,,,,,,,,,,,,"Limassol puts you within ""easy striking distance of some of ,<b>Cyprus' best historical remnants</b>,"", as well as the verdant Troodos Mountains, according to ,<i>Lonely Planet</i>,, while ,<i>Food and Travel </i>,magazine says it ""buzzes all year round"". For ,<b>£299 per person</b>, -- saving up to 53%** -- stay close to this Cypriot gem and get flights and meals included too.  "
"<ul>
<li>Return flights from London (Gatwick, Stansted) or East Midlands</li>
<li>Five nights at the deluxe Hotel Bahia de Lobos</li>
<li><b>Upgrade to ­a Deluxe Pool View Room</b></li>
<li><b>All-inclusive board</b></li>
</ul>","£289pp -- Fuerteventura Deluxe All-Inclusive Holiday,
                    
                         ,
                    
                ",,,,,,,,,,,,,"With ""its dramatic volcano-carved landscape"", "",<b>unspoilt coast</b>,"" (the ,<i>Daily Express</i>,) and warm weather typical of the Canary Islands, Fuerteventura makes an ideal base for a spring or early summer escape. This holiday from Fleetway Travel is a great opportunity to take advantage of all this for,<b> £289 per person</b>,, including ,<b>all meals and drinks</b>,. "
"<ul><li>This offer is valid until 30 April  </li><li>Overnight accommodation in an upgraded Deluxe Room</li><li>
Breakfast for two (worth £24/32€ total)</li></ul>","£85 -- French Chateau Stay w/Upgrade & Breakfast, Save 41%  ",http://www.travelzoo.com/uk/local-deals/International/Getaway/161727?tz_adid=1948735,Tel: 0033 32188 9999,£85,£143,41% off,"Rue du Château,Tilques,  62500","Subject to availability. Rooms at the promotional price are limited, so early booking is advised.",Hôtel Château Tilques,38 bought,"
	
                                ,
                            
",,"<ul><li>You'll get a guaranteed upgrade to a Deluxe Room in either the chateau itself or the hotel's annex, Pavillon du Parc (you'll be told which part of the hotel on booking) <br></li><li>Deluxe Rooms in the Pavillon have either a terrace or a balcony <br></li><li>The hotel has a heated indoor swimming pool, free Wi-Fi and a restaurant, Le Vert Mesnil, that is listed in <i>The Michelin Guide 2015 </i><br></li><li>Pets are allowed to stay for 30€ each, per night (to be paid directly to the hotel) <br></li><li>You can buy as many vouchers as you like, giving you time to explore the nearby Audomarois Marshes or discover the region by bike -- hire is available at the hotel</li></ul>","
                        Only 40 minutes by car from Calais, the Hôtel Château Tilques is ,<b>easily accessible</b>, via the Eurotunnel or ferry. For ,<b>£85 per room, per night</b>,, stay at this ,<b>19th-century manor house</b>, in the countryside and save up to 41% on the regular price.
                    "
"<ul>
<li>Return <b>flights from six airports</b></li>
<li>Four nights' accommodation at Fergus Paraiso Beach Hotel</li>
<li><b>All meals, snack and drinks</b></li>
<li>A <b>room upgrade to a Pool View Room</b></li>
<li>Bottle of wine on arrival</li>
</ul>,<ul>
<li><b>S</b><b>tay for three nights</b> from £149 per person</li>
<li><b>S</b><b>tay for seven nights</b> from £249 per person</li>
</ul>","£169pp -- Ibiza All-Inc 4-Nt Break w/Upgrade, Save up to 50%,
                    
                         ,
                    
                ",,,,,,,,,,,,,"This Ibiza break from Blue Sea Holidays, the first we've seen this year, is a real cracker: for ,<b>£169 per person -- </b>,a ,<b>saving of up to 50%</b>, against prices we've seen elsewhere -- you get ,<b>four all-inclusive nights in an upgraded room</b>, and flights from a choice of six airports, with five months of departure dates."
"<ul>
<li>Direct return flights with British Airways</li>
<li>23kg of checked luggage</li>
<li>Two nights in a <b>4-star hotel</b></li>
</ul>,<ul>
<li><b><a href=""http://www.travelzoo.com/uk/Redirect.ashx?id=1957008&amp;l=https%3a%2f%2fprf.hn%2fclick%2fcamref%3a10lo3C%2ftype%3acpc%2fadref%3aUKI%7cTravelZoo%7cTop_20_Hols%7cUK%2fdestination%3ahttp%3a%2f%2fad.doubleclick.net%2fddm%2fclk%2f281431113%3b108160778%3bx%3fhttp%3a%2f%2fwww.britishairways.com%2ftravel%2ffx%2fpublic%2fen_gb%3feId%3d111083%26productCode%3dNL-AMS-5800360%26productType%3dHotel%26saleOption%3dPAKFH%26depDate%3d12%2f02%2f15%26duration%3d2%26refevent%3dptr_tz_ams&amp;_t=IySE7SI3hIeSWIlJzd3u"" target=""_blank"" rel=""nofollow"">Amsterdam… £129pp</a></b><br>BEST WESTERN Blue Tower Hotel (room only); fly from Gatwick or Heathrow on 22-25 February; 3, 8, 10, 15, 17, 22-23, 29 March</li>
<li><b><a href=""http://www.travelzoo.com/uk/Redirect.ashx?id=1957008&amp;l=https%3a%2f%2fprf.hn%2fclick%2fcamref%3a10lo3C%2ftype%3acpc%2fadref%3aUKI%7cTravelZoo%7cTop_20_Hols%7cUK%2fdestination%3ahttp%3a%2f%2fad.doubleclick.net%2fddm%2fclk%2f281431113%3b108160778%3bx%3fhttp%3a%2f%2fwww.britishairways.com%2ftravel%2ffx%2fpublic%2fen_gb%3feId%3d111083%26productCode%3dES-BCN-3097917%26productType%3dHotel%26saleOption%3dPAKFH%26depDate%3d12%2f03%2f15%26duration%3d2%26refevent%3dptr_tz_bca&amp;_t=kKkmkt99eJtkl4WzEEf"" target=""_blank"" rel=""nofollow"">Barcelona… £139pp</a></b><br>H10 Marina Barcelona Hotel (including daily breakfast); fly from Gatwick or Heathrow on 24 February; 7-11, 16 March</li>
<li><b><a href=""http://www.travelzoo.com/uk/Redirect.ashx?id=1957008&amp;l=https%3a%2f%2fprf.hn%2fclick%2fcamref%3a10lo3C%2ftype%3acpc%2fadref%3aUKI%7cTravelZoo%7cTop_20_Hols%7cUK%2fdestination%3ahttp%3a%2f%2fad.doubleclick.net%2fddm%2fclk%2f281431113%3b108160778%3bx%3fhttp%3a%2f%2fwww.britishairways.com%2ftravel%2ffx%2fpublic%2fen_gb%3feId%3d111083%26productCode%3dDE-BER-3023890%26productType%3dHotel%26saleOption%3dPAKFH%26depDate%3d12%2f02%2f15%26duration%3d2%26refevent%3dptr_tz_ber&amp;_t=NwWW9vEhNuvtNR5HJjCC"" target=""_blank"" rel=""nofollow"">Berlin… £169pp</a></b><br>Park Inn by Radisson Berlin Alexanderplatz (including daily breakfast); fly from Heathrow on 22-23, 26, 28 February; 1, 7-8, 15-17, 22-23, 30 March</li>
<li><b><a href=""http://www.travelzoo.com/uk/Redirect.ashx?id=1957008&amp;l=https%3a%2f%2fprf.hn%2fclick%2fcamref%3a10lo3C%2ftype%3acpc%2fadref%3aUKI%7cTravelZoo%7cTop_20_Hols%7cUK%2fdestination%3ahttp%3a%2f%2fad.doubleclick.net%2fddm%2fclk%2f281431113%3b108160778%3bx%3fhttp%3a%2f%2fwww.britishairways.com%2ftravel%2ffx%2fpublic%2fen_gb%3feId%3d111083%26productCode%3dIT-ROM-4467230%26productType%3dHotel%26saleOption%3dPAKFH%26depDate%3d02%2f02%2f15%26duration%3d2%26refevent%3dptr_tz_rom&amp;_t=Pix5muBuFhbgFXHkyVf"" target=""_blank"" rel=""nofollow"">Rome… £149-150pp</a></b><br>Hotel Morgana (Deluxe Room including daily breakfast); fly from Heathrow on 22-26 February; 1-5, 7-12 March</li>
<li><b><a href=""http://www.travelzoo.com/uk/Redirect.ashx?id=1957008&amp;l=https%3a%2f%2fprf.hn%2fclick%2fcamref%3a10lo3C%2ftype%3acpc%2fadref%3aUKI%7cTravelZoo%7cTop_20_Hols%7cUK%2fdestination%3ahttp%3a%2f%2fad.doubleclick.net%2fddm%2fclk%2f281431113%3b108160778%3bx%3fhttp%3a%2f%2fwww.britishairways.com%2ftravel%2ffx%2fpublic%2fen_gb%3feId%3d111083%26productCode%3dAT-VIE-0455807%26productType%3dHotel%26saleOption%3dPAKFH%26depDate%3d02%2f02%2f15%26duration%3d2%26refevent%3dptr_tz_vie&amp;_t=S3izDV5NOhPBoYyQFqSg"" target=""_blank"" rel=""nofollow"">Vienna… £149pp</a></b><br>Hotel Exe Vienna (room only); fly from Heathrow on 15-18, 21-26, 28 February; 1, 3, 8-9, 12, 14-16, 22 March</li>
</ul>","£129pp & up -- European City Breaks w/BA Flts, up to 56% Off,
                    
                         ,
                    
                ",,,,,,,,,,,,,"<span>British Airways has just cut the price of city breaks to some of our favourite European destinations. Starting at <b>£129 per person</b>, these packages include 4-star accommodation, BA flights and the opportunity to <b>save up to a whopping 56%</b>**.</span>"
"<ul>
<li>Return flights from 10 airports</li>
<li>Seven nights' accommodation at the <b>4</b><b>-star Hotel Santana</b></li>
<li>Breakfast and dinner with unlimited drinks</li>
</ul>","£239pp -- Malta 4-Star 7-Nt Holiday w/Flts, Meals & Drinks,
                    
                         ,
                    
                ",,,,,,,,,,,,,"Malta is one of the UK's favourite destinations, offering sunshine, beach and culture. For ,<b>£239 per person</b>,, Broadway Travel gives you a chance to discover the island with this 7-night deal, including flights and meals with drinks. This ,<b>saves up to 46%</b>, on the same holiday on other websites."
"<ul>
<li>Return flights</li>
<li>Seven nights at the <b>5-star Corfu Holiday Palace</b></li>
<li>Upgrade to a <b>Lake View Room</b></li>
<li>Half board</li>
<li><b>One cocktail per person</b> at the Kefi Bar</li>
</ul>,<ul>
<li>Up to two children, aged 12 or under, can share a room with their parents. Prices start at £79 for the first child and £149 for the second</li>
<li>This deal is also available for single travellers from £269</li>
</ul>","£199pp -- Corfu 5-Star Week w/Meals & Flights, Save 50%,
                    
                ",,,,,,,,,,,,,"Broadway Travel has released a 7-night half-board holiday at a 5-star hotel in Corfu for ,<b>£199 per person</b>,. ,<b>Saving up to 50%</b>, on self-packaging, this offer works out at ,<b>less than</b>,<b> £30 per night</b>, for flights, accommodation, daily breakfast and dinner."
"<strong>What: </strong>, £148 ($224.87) per night for a Viceroy King room,<br>,<strong>When: </strong>,Daily from 1 May-30 September,<br>,<strong>Includes:</strong>, Two welcome drinks & a complimentary upgrade to a Viceroy King Deluxe room (subject to availability on arrival),<br>,<strong>Other options: </strong>,It's £185 ($281.37) per night on 1-13, 19-23, 26-29 April, or £222 ($337.87) per night on 1-3, 8-24, 30-31 March,<br>,<br>,The,<strong> Travelzoo Deal</strong>, rate must be booked in order to take advantage of this offer.,<br>,<br>,<strong>Not available on</strong>, 3-5, 15-18, 25 July; 1, 14-15 August; 4-5, 19 September.,<br>,<br>,Fly.com found ,<a href=""http://www.fly.com/uk/deal/?id=Cheap-Flights-to-Miami-110215&amp;utm_source=tzuk&amp;utm_medium=email&amp;utm_campaign=top20&amp;utm_content=mia-lon-326rt-110215""><strong>cheap flights to Miami</strong></a>,<strong> </strong>,from £325 (return) per person over some of these dates.,<br>,<br>,<strong>Note </strong>,Prices are based on two adults sharing. We'll ask you to enter a password (or create one) before booking to keep your details safe. Once you have made your reservation with Travelzoo your dates are confirmed.,<br>,<br>, Prices were converted to GBP on 11 February, 2015,  using Oanda.com and are subject to change due to currency fluctuations.,<br>","£148 -- 5-Star Downtown Miami Hotel, Save 38%",http://www.travelzoo.com/uk/hotel-booking/1782?adid=1955095,,,,,,,,,,,"<ul><li>You save up to 38% on regular rates</li><li>The pool was named one of the World's Coolest Pools by <em>Travel + Leisure</em> in 2012</li><li>The rooftop lounge offers spectacular city views</li><li>Indulge in a treatment at the ""mind-blowing"" (<em>Fodor’'</em>) spa</li></ul>",
"<ul>
<li>Return flights with checked luggage</li>
<li>Seven nights at Domes of Elounda on a half-board basis</li>
<li>Upgrade to a Premium One Bedroom Suite with Outdoor Heated Jacuzzi and Sea View</li>
<li>Free 100€ spa credit per room</li>
<li>Welcome basket with chilled wine and fruit on arrival</li>
<li>VIP champagne check-in</li>
</ul>,<ul>
<li>Peak-summer holidays during <b>August</b> are also available for £999 per person, based on a family of four</li>
<li><b>Families</b> with two adults and one child can travel for £1249</li>
<li>For two adults and two children, it's £1495 with a free upgrade to a Family Suite Sea View with Heated Outdoor Jacuzzi -- alternatively, stay in a Domes Two Bedroom Luxury Residence with Private Pool for £2145</li>
</ul>","£599pp -- Crete 5-Star Award-Winning Resort w/Jacuzzi Suite,
                    
                         ,
                    
                ",,,,,,,,,,,,,"Spend a week in a ,<b>luxurious suite at an award-winning boutique resort</b>, in Crete for ,<b>£599 per person.</b>, This deal from Domes of Elounda Holidays ,<b>saves over a third</b>, on prices we've seen elsewhere -- not bad considering you get accommodation with ,<b>sea views</b>,, a ,<b>private Jacuzzi</b>,, meals and spa credit."
"<strong>What:</strong>, Stay in Apartment 2, 3 or 12 for £41 (55€) per apartment, per night.,<br>,<strong>When: </strong>,Until 30 April,<br>,<strong>Includes:</strong>, One bottle of Hungarian Prosecco in the room & a Brody ArtYard tote bag, with notebook & guidebook,<br>,<strong>Other options:</strong>, Prices are based on two adults sharing. Apartments 2 and 12 can accommodate up to four guests. Please see the Policies & fees section for extra charges.,<br>","£41 -- Central Budapest Apartment Stay w/Prosecco, Save 45%",http://www.travelzoo.com/uk/hotel-booking/2187/?adid=1950271,,,,,,,,,,,"<ul><li>Save up to 45% on an overnight stay with a bottle of bubbly &amp; a Budapest guidebook</li><li>The hotel has a trendy location in Pest, near the Hungarian National Museum &amp; Chain Bridge</li><li>Guests get member's access to Brody House lounge &amp; Brody Studios</li><li>Stylish apartments have kitchens &amp; some sleep up to four</li></ul>",
"<ul>
<li>Return flights to Grenoble with checked luggage</li>
<li>Seven nights at Chalet Hotel Dahu</li>
<li><b>Half board meals</b> (breakfast, afternoon tea, <b>3-course dinner &amp;</b> <b>wine</b>**)</li>
<li>Return transfers</li>
<li><b>Welcome drinks &amp; canapés</b></li>
</ul>","£575pp -- France: Courchevel Ski Holiday w/Meals & Wine,
                    
                         ,
                    
                ",,,,,,,,,,,,,"Take Me Skiing has just released a cut-price package to one of the world's,<b> ""glitziest""</b>, resorts (,<i>The Independent</i>,). At ,<b>£575 per peson</b>,, this perfectly-formed ski deal includes flights, accommodation and ,<b>most of your meals</b>, -- as well as ,<b>drinks</b>, and ,<b>canapés</b>, to kick your holiday off in style."
"<ul>
<li>Return flights from ­three ­London airports (Gatwick, Luton and Stansted), Birmingham, Bristol, Doncaster, East Midlands, Exeter or Manchester</li>
<li>Return transfers</li>
<li>Seven nights at the 5-star Savoy Sharm el Sheikh in a Garden View Room</li>
<li><b>Premium all-inclusive board</b> (E class) with all drinks, snacks and meals at two buffet restaurants and <b>five à la carte restaurants</b></li>
</ul>,<ul>
<li>Stay <b>10 nights</b> for £899 per person, or <b>14 nights </b>for £1199 per person</li>
<li>First child aged up to 12 can travel from £299</li>
</ul>","£699pp -- Sharm 5-Star 7-Night All-Inc Savoy Break, Save 46%,
                    
                ",,,,,,,,,,,,,"With seven restaurants to choose from, this 5-star 7-night package to Sharm el Sheikh means you can ,<b>eat in a different restaurant every night</b>,. Now ,<b>£699 per person</b>,, Luxury Holiday Collection has knocked ,<b>up to 46% off**</b>, this deal, including ,<b>premium all-inclusive board</b>,, flights, accommodation plus return transfers."
,"£499pp -- Madeira 5-Star Week inc Meals & Flights, Save 51%,
                    
                         ,
                    
                ",,,,,,,,,,,,,"This package from Inspired Luxury Escapes covers ,<b>eight months of travel dates</b>,, return flights from six airports and a 7-night stay at an ,<b>award-winning 5-star hotel</b>, in Madeira. Now,<b> </b>,<b>£499 per person</b>,, this deal is 51% cheaper than you'll find it elsewhere.,<b><br></b>"
"<ul><li>This offer is valid on 13-16, 19-22, 27-28 February; 1-2, 7-9, 13-16, 21-23, 27-31 March; 1-3, 5-13, 17-20, 24-27 April</li><li>Two nights' accommodation with a guaranteed upgrade to a Premium Room </li><li>
Breakfast both days (worth £45/60€ for two people)</li><li>
5% city tax</li></ul>",£119 -- Berlin 2-Nt Stay w/Upgrade & Breakfast,http://www.travelzoo.com/uk/local-deals/International/Getaway/163683?tz_adid=1956966,Tel: 0049 302 605 2700,£119,£292,59% off,"Lützowplatz 17,Berlín,  10785","<b>Not available on </b>,4 April. Subject to availability. Rooms at the promotional price are limited, so early booking is advised.","Hotel Berlin, Berlin",3 bought,"
	
                                ,
                            
",,"<ul><li>You'll get a <b>guaranteed upgrade </b>to a Premium Room (pictured) and daily breakfast <br></li><li>The travel period includes weekends and Easter Sunday <br></li><li>Berlin city tax is included<br></li><li>Restaurant Julius uses local ingredients in its cuisine (including honey that is made on-site) and serves dishes such as venison medallions with cranberry savoy cabbage and potatoes <br></li><li>Open daily from 11am-1am, Bar Berlin, Berlin has an extensive list of alcoholic drinks, finger food and tea <br></li><li>All guests have access to the sauna and gym, and there's free Wi-Fi throughout the hotel and in your room <br></li><li>The hotel is a 10-minute walk from the KaDeWe department store and close to Kurfürstendamm boulevard, with its many shops and restaurants</li><li>Our Deal Experts in the German office note that the hotel is next door to the ""legendary"" Bar am Lützowplatz</li></ul>","
                        Take a weekend break in Berlin with this 2-night offer from Hotel Berlin, Berlin. For ,<b>£119 per room</b>,, you'll get an ,<b>upgrade and breakfast</b>, -- plus you'll ,<b>save up to 59%</b>, on the regular rate.
                    "
"<ul>
<li><span style=""color: #000000;"">Add <b>car hire</b> from £10 per day</span></li>
<li><span style=""color: #000000;""><b>Upgrade</b> to a Deluxe Sea View Room from £15 per person, per night</span></li>
<li><span style=""color: #000000;"">Stay <b>10 nights</b> from £399 per person or <b>14 nights</b> from £499 per person</span></li>
</ul>","£299pp -- Deluxe Cyprus Beach Holiday w/Meals, Save 53%,
                    
                         ,
                    
                ",,,,,,,,,,,,,"Limassol puts you within ""easy striking distance of some of ,<b>Cyprus' best historical remnants</b>,"", as well as the verdant Troodos Mountains, according to ,<i>Lonely Planet</i>,, while ,<i>Food and Travel </i>,magazine says it ""buzzes all year round"". For ,<b>£299 per person</b>, -- saving up to 53%** -- stay close to this Cypriot gem and get flights and meals included too.  "
"<ul>
<li>Direct return flights with British Airways</li>
<li>23kg of checked luggage</li>
<li>Two nights in a <b>4-star hotel</b></li>
</ul>,<ul>
<li><b><a href=""http://www.travelzoo.com/uk/Redirect.ashx?id=1957005&amp;l=https%3a%2f%2fprf.hn%2fclick%2fcamref%3a10lo3C%2ftype%3acpc%2fadref%3aUKI%7cTravelZoo%7cTop_20_Hols%7cUK%2fdestination%3ahttp%3a%2f%2fad.doubleclick.net%2fddm%2fclk%2f281431113%3b108160778%3bx%3fhttp%3a%2f%2fwww.britishairways.com%2ftravel%2ffx%2fpublic%2fen_gb%3feId%3d111083%26productCode%3dNL-AMS-5800360%26productType%3dHotel%26saleOption%3dPAKFH%26depDate%3d12%2f02%2f15%26duration%3d2%26refevent%3dptr_tz_ams&amp;_t=6THsuk86vLfWZbOrUmAN"" target=""_blank"" rel=""nofollow"">Amsterdam… £129pp</a></b><br>BEST WESTERN Blue Tower Hotel (room only); fly from Gatwick or Heathrow on 22-25 February; 3, 8, 10, 15, 17, 22-23, 29 March</li>
<li><b><a href=""http://www.travelzoo.com/uk/Redirect.ashx?id=1957005&amp;l=https%3a%2f%2fprf.hn%2fclick%2fcamref%3a10lo3C%2ftype%3acpc%2fadref%3aUKI%7cTravelZoo%7cTop_20_Hols%7cUK%2fdestination%3ahttp%3a%2f%2fad.doubleclick.net%2fddm%2fclk%2f281431113%3b108160778%3bx%3fhttp%3a%2f%2fwww.britishairways.com%2ftravel%2ffx%2fpublic%2fen_gb%3feId%3d111083%26productCode%3dES-BCN-3097917%26productType%3dHotel%26saleOption%3dPAKFH%26depDate%3d12%2f03%2f15%26duration%3d2%26refevent%3dptr_tz_bca&amp;_t=X2lgLwCONey497BZrmAV"" target=""_blank"" rel=""nofollow"">Barcelona… £139pp</a></b><br>H10 Marina Barcelona Hotel (including daily breakfast); fly from Gatwick or Heathrow on 24 February; 7-11, 16 March</li>
<li><b><a href=""http://www.travelzoo.com/uk/Redirect.ashx?id=1957005&amp;l=https%3a%2f%2fprf.hn%2fclick%2fcamref%3a10lo3C%2ftype%3acpc%2fadref%3aUKI%7cTravelZoo%7cTop_20_Hols%7cUK%2fdestination%3ahttp%3a%2f%2fad.doubleclick.net%2fddm%2fclk%2f281431113%3b108160778%3bx%3fhttp%3a%2f%2fwww.britishairways.com%2ftravel%2ffx%2fpublic%2fen_gb%3feId%3d111083%26productCode%3dDE-BER-3023890%26productType%3dHotel%26saleOption%3dPAKFH%26depDate%3d12%2f02%2f15%26duration%3d2%26refevent%3dptr_tz_ber&amp;_t=LQyR0Vst92JlgptQuufO"" target=""_blank"" rel=""nofollow"">Berlin… £169pp</a></b><br>Park Inn by Radisson Berlin Alexanderplatz (including daily breakfast); fly from Heathrow on 22-23, 26, 28 February; 1, 7-8, 15-17, 22-23, 30 March</li>
<li><b><a href=""http://www.travelzoo.com/uk/Redirect.ashx?id=1957005&amp;l=https%3a%2f%2fprf.hn%2fclick%2fcamref%3a10lo3C%2ftype%3acpc%2fadref%3aUKI%7cTravelZoo%7cTop_20_Hols%7cUK%2fdestination%3ahttp%3a%2f%2fad.doubleclick.net%2fddm%2fclk%2f281431113%3b108160778%3bx%3fhttp%3a%2f%2fwww.britishairways.com%2ftravel%2ffx%2fpublic%2fen_gb%3feId%3d111083%26productCode%3dIT-ROM-4467230%26productType%3dHotel%26saleOption%3dPAKFH%26depDate%3d02%2f02%2f15%26duration%3d2%26refevent%3dptr_tz_rom&amp;_t=0DA5uFpKzg3iUfsCAYKY"" target=""_blank"" rel=""nofollow"">Rome… £149-150pp</a></b><br>Hotel Morgana (Deluxe Room including daily breakfast); fly from Heathrow on 22-26 February; 1-5, 7-12 March</li>
<li><b><a href=""http://www.travelzoo.com/uk/Redirect.ashx?id=1957005&amp;l=https%3a%2f%2fprf.hn%2fclick%2fcamref%3a10lo3C%2ftype%3acpc%2fadref%3aUKI%7cTravelZoo%7cTop_20_Hols%7cUK%2fdestination%3ahttp%3a%2f%2fad.doubleclick.net%2fddm%2fclk%2f281431113%3b108160778%3bx%3fhttp%3a%2f%2fwww.britishairways.com%2ftravel%2ffx%2fpublic%2fen_gb%3feId%3d111083%26productCode%3dAT-VIE-0455807%26productType%3dHotel%26saleOption%3dPAKFH%26depDate%3d02%2f02%2f15%26duration%3d2%26refevent%3dptr_tz_vie&amp;_t=uxHMy6j2O6TArZlUIIHU"" target=""_blank"" rel=""nofollow"">Vienna… £149pp</a></b><br>Hotel Exe Vienna (room only); fly from Heathrow on 15-18, 21-26, 28 February; 1, 3, 8-9, 12, 14-16, 22 March</li>
</ul>","£129pp & up -- European City Breaks w/BA Flts, up to 56% Off,
                    
                         ,
                    
                ",,,,,,,,,,,,,"<span>British Airways has just cut the price of city breaks to some of our favourite European destinations. Starting at <b>£129 per person</b>, these packages include 4-star accommodation, BA flights and the opportunity to <b>save up to a whopping 56%</b>**.</span>"
,"£299pp -- Rome: 5-Star InterContinental City Break, Save 41%,
                    
                ",,,,,,,,,,,,,"Great deals for Rome are not uncommon, but this one stands out for many reasons, not least because it gives you the chance to stay in a ,<b>17th-century building at the top of the Spanish Steps</b>,. For £299 per person you get ,<b>three nights' accomodation and flights</b>,, saving up to 41% on packaging it yourself. "
"<strong>What: </strong>,Deluxe Room (a guaranteed 2-category upgrade) for £97 (129€) per night ,<br>,<strong>When: </strong>,Monday-Saturday until 31 March ,<br>,<strong>Other options:</strong>, It's even cheaper at £90 (119€) to stay on Sunday nights,<br>,<strong>Includes:</strong>, A guaranteed double upgrade to a Deluxe Room, daily buffet breakfast & one glass of champagne per person (once per stay) ,<br>","£97 -- Paris 4-Star Hotel w/Upgrade & Extras, Save up to 44%",http://www.travelzoo.com/uk/hotel-booking/2068/?adid=1938967,,,,,,,,,,,"<ul>
	<li>You'll save up to 44% on the regular rates </li><li>The offer includes a room upgrade,  breakfast &amp; champagne</li>
	
	<li>The Moulin Rouge &amp; top Paris department stores are nearby</li>
	<li>The hotel offers free daily afternoon tea &amp; wine-tasting sessions every day</li></ul>",
"<strong>What: </strong>,Upgraded Charming Room for £51 (69€) per night,<br>,<strong>When: </strong>,Friday-Sunday until 30 April, plus 16-22 February & 6-19 April,<br>,<strong>Includes: </strong>,Upgrade to a Charming Room, daily breakfast, a welcome drink per person & late checkout until 2pm on Sundays (subject to availability) ,<br>,<br>,The price is based on two adults sharing. For information about travelling with children, see the ,<strong>Policies &amp; fees</strong>, section.,<br>","£51 -- Brussels Stay inc Breakfast & Drink, Save up to 41% ",http://www.travelzoo.com/uk/hotel-booking/2188/?adid=1955114,,,,,,,,,,,"<ul><li>You save up to 41% on the regular price </li><li>This offer includes a guaranteed upgrade &amp; breakfast for two</li><li>Wi-Fi is free throughout</li><li>This city-centre hotel is near Schuman Metro station, convenient for seeing the city sights   </li></ul>",
"<ul>
<li><b>Helsinki</b><span>… £119 from London; £176 from Manchester</span></li>
<li><b>Rovaniemi</b>… £245 from London; £222 from Manchester</li>
<li><b>Ivalo</b>… £249 from London; £253 from Manchester</li>
<li><b>Kittila</b><span>… £249 from London; £248 from Manchester</span></li>
</ul>","£119 & up -- Return Flights to 4 Finnish Cities,
                    
                ",,,,,,,,,,,,,"Finnair is having a flight sale to four destinations in Finland, flying from ,<b>London Heathrow or Manchester</b>,, starting from ,<b>£119</b>, -- up to ,<b>30% cheaper</b>, than flights outside the travel period."
,We are now transferring you ...,,,,,,,,,,,,,
"<ul>
<li>Flights from London Heathrow to Chicago</li>
<li>Two nights' accommodation at the <b>Warwick</b> <b>Allerton Hotel**</b></li>
<li>Overnight Amtrak full-board rail journey from Chicago to Memphis in a Private Roomette</li>
<li>Two nights' accommodation at the <b>Crowne Plaza Memphis Downtown**</b></li>
<li><b>Free Graceland tour</b> and entry to the Elvis Presley Car Museum, Sincerely Elvis Museum, Elvis After Dark, Rock 'n' Soul Museum, Stax Museum of American Soul Music and Sun Studio</li>
<li>Train journey from Memphis to New Orleans</li>
<li>A 2-night stay in the <b>InterContinental Omni Royal Crescent**</b>, New Orleans</li>
<li>7-night Caribbean cruise aboard <b><i>Carnival Dream</i></b></li>
<li>Overnight flight back to the UK from New Orleans</li>
</ul>","£1399pp -- Chicago, Memphis, New Orleans & Caribbean Cruise,
                    
                         ,
                    
                ",,,,,,,,,,,,,"Discover three US cities with legendary music scene, before setting sail to the Caribbean with this deal from Jetline Cruise: ,<b>£1399 per person</b>, for a 14-night trip, including stays in Chicago, Memphis and New Orleans. Putting this deal together yourself ,<b>could cost up to £376 more</b>,."
"<ul><li>This offer is valid until 29 March </li><li>Two nights' accommodation in a Deluxe Room (pictured) with daily breakfast, and fruits and cakes in the room on arrival </li><li>
One 3-course dinner in Restaurant Salieri (worth £41/54€ for two people)</li></ul>","£165 -- Austria: 2-Nt Salzburg 4-Star Stay w/Meals, Save 46%",http://www.travelzoo.com/uk/local-deals/International/Getaway/163670?tz_adid=1956965,Tel: 0043 662 2060 0,£165,£305,46%  off,"Alpenstraße 6,Salzburg,  5020","<b>Not available on</b>, 13-17 February; 24-25 March. Subject to availability. Rooms at the promotional price are limited, so early booking is advised.",Castellani Parkhotel Salzburg,2 bought,"
	
                                ,
                            
",,"<ul><li>You'll get daily breakfast as well as a 3-course dinner <br></li><li>All guests have access to the fitness area, which has cardio machines, a steam bath and a solarium. Massages can be arranged on request (supplements apply) <br></li><li>All rooms have free Wi-Fi and there's free underground parking <br></li><li>The hotel has two restaurants and a bar  <br></li><li>""Salzburg represents the quintessential Austria, offering ornate architecture, mountain air, and the musical heritage of the city's most famous son, Wolfgang Amadeus Mozart,"" says <i>Rough Guides</i><br></li><li>""The Sound of Music"" fans, take note: it was filmed in Salzburg</li></ul>","
                        ,<i>Lonely Planet </i>,describes Salzburg as,<b> ""storybook Austria""</b>, with its ""mosaic of graceful domes and spires"" and the mountains beyond. Spend ,<b>two nights</b>, at the Castellani Parkhotel Salzburg for ,<b>£165 per room </b>,and ,<b>save up to 46%</b>, on the regular rates.
                    "
,We are now transferring you ...,,,,,,,,,,,,,
,"£999pp -- 17-Nt Mediterranean Cruise fr Southampton in May,
                    
                         ,
                    
                ",,,,,,,,,,,,,"P&O Cruises has cut the price of a 17-night voyage to ,<b>seven hotspots in the Med -- </b>,including Dubrovnik, Venice and Corfu -- to ,<b>£999 per person</b>,. We found the same sailing, which departs in ,<b>mid-May</b>,, selling for over £240 more elsewhere.,<br>, ,<br>, ,<b>What's included</b>,<br>, A 17-night cruise on P&O,<i> Aurora</i>,, with accommodation in an Inside Cabin and all meals and snacks.,<br>, ,<br>, ,<b>When</b>,<br>, ,<i>Aurora</i>, sets sail from ,<b>Southampton</b>, on ,<b>17 May</b>,.,<br>, ,<br>, ,<b>Itinerary</b>,<br>, After leaving Southampton, ,<i>Aurora</i>, spends two days at sea enroute to historic ,<b>Cadiz</b>,, in the southwest of Spain. The next stops are ,<b>Malta</b>,, where you'll find ""prehistoric temples"", ""glittering hidden coves"" and ""a history of remarkable intensity,"" says ,<i>Lonely Planet</i>,, and ,<b>Venice</b>,, one of Italy's most famed cities.,<br>, ,<br>, ,<i>Aurora</i>, then sails to ,<b>Koper</b>,, Slovenia's largest coastal town and gateway to Lake Bled, followed by ,<b>Dubrovnik</b>,, described by ,<i>Lonely Planet</i>, as ""one of the world's most beautiful fortified cities"" and the Greek island of ,<b>Corfu</b>,.,<br>, ,<br>, The return journey includes a stop in ,<b>Gibraltar</b>,, before the ship reaches Southampton.,<br>, ,<br>, ,<b>Ship details</b>,<br>, ,<i>Aurora</i>, is a traditionally British ship with 12 bars, three pools -- one with a retractable skydome roof -- a theatre, a spa and a gym. Dining options include ,<b>Cafe Bordeaux by Marco Pierre White</b>, and the al fresco Pennant Grill (extra charges apply for both). A nice touch for guests is the brass-band send-off at Southampton.,<br>, ,<br>, ,<b>Other options</b>,<br>, Upgrade to an Outside Cabin for £200 more per person, or a Balcony Cabin for £550 more per person."
,We are now transferring you ...,,,,,,,,,,,,,
"<ul>
<li>A 7-night transatlantic cruise from New York to Southampton, aboard the<b> 5-star <i>Queen Mary 2</i></b></li>
<li>Flight from London Heathrow to New York</li>
<li>Transfer to the ship in New York</li>
<li>All meals and snacks, plus daytime activities and evening entertainment</li>
</ul>,<ul>
<li><b>Add two nights in New York</b> at the Holiday Inn Midtown Hotel from £249 per person, including transfers to the hotel. This is a perfect opportunity for a shopping spree in New York as there is no weight restriction aboard the ship</li>
<li>Upgrade to an Outside Stateroom for £100 more per person, or to a Balcony Stateroom for £200 more per person</li>
</ul>","£699pp -- Cunard: Luxury Spring New York-Southampton Cruise,
                    
                         ,
                    
                ",,,,,,,,,,,,,"We've found a luxury Cunard transatlantic crossing reduced to ,<b>£699 per person</b>,. This deal from Iglu Cruise ,<b>saves £150</b>, on prices found just a few days ago."
,We are now transferring you ...,,,,,,,,,,,,,
,We are now transferring you ...,,,,,,,,,,,,,
"<ul>
<li>Return flights</li>
<li>Two nights at the Hotel Rimini in Rome, with daily breakfast</li>
<li>7-night cruise on <b>Royal Caribbean International's <i>Rhapsody of the Seas</i></b>, with accommodation in an Interior Stateroom, plus all meals and snacks</li>
</ul>","£649pp -- Rome Stay & Royal Caribbean Med Cruise w/Flights,
                    
                         ,
                    
                ",,,,,,,,,,,,,"We are big fans of this deal from Cruise Nation: for ,<b>£649 per person</b>,, not only do you get a week-long cruise around Italy, Greece and Turkey in,<b> mid July</b>,, but also a 2-night,<b> hotel stay in the heart of Rome</b>,. Putting this package together yourself with return flights ,<b>would cost up to 33% more</b>,.,<br>, ,<br>, ,<b>What's included</b>"
"<ul>
<li>Return flights from Birmingham or East Midlands</li>
<li>Return transfers</li>
<li>Seven nights at the deluxe Towers Hotel Stabiae Sorrento Coast in a Standard Room with sea views</li>
<li><b>Daily breakfast and dinner</b></li>
<li><b>2-course lunch with a glass of wine on one day</b></li>
<li>10% discount on à la carte dinners at the hotel's Gouache Restaurant</li>
<li>Use of the ­private beach, sunbeds, umbrellas and beach towels from June-October</li>
</ul>","£499pp -- Italy: Deluxe Bay of Naples Week; Fly fr Midlands,
                    
                ",,,,,,,,,,,,,"For ,<b>£499 per person</b>,, this package from Fleetway Travel includes flights, deluxe accommodation, meals and more, and ,<b>saves up to 33% </b>,on the price of self-packaging. However, the best bit is the location -- the included hotel is ,<b>in the heart of Italy's Campania region</b>,, with views of the Bay of Naples and Mount Vesuvius to the north, while Sorrento and the Amalfi Coast are just a few kilometres south."
"<ul>
<li>Flight from London Gatwick to Barbados</li>
<li>Transfer to the ship in Barbados</li>
<li>13-night sailing aboard <b>P&amp;O Cruises' <i>Azura</i></b>, with accommodation in an Inside Cabin</li>
<li>All meals and snacks, plus daytime activities and evening entertainment</li>
</ul>","£749pp -- Caribbean-Southampton Cruise, Calling at 5 Islands,
                    
                         ,
                    
                ",,,,,,,,,,,,,"A 13-night cruise, with stops at four Caribbean islands and the Azores, is now ,<b>£749 per person</b>,, including all meals. The deal from P&O Cruises cuts,<b> £100 off</b>, the already-discounted price."
"<ul>
<li>Return flights from 11 airports</li>
<li>Three nights at the <b>5-star Conrad Algarve</b> in a Deluxe King Room with Pool Views</li>
<li>Daily breakfast</li>
<li><b>Return transfers</b></li>
<li><b>One free 3-course evening meal per person, per stay, at the Louro restaurant</b></li>
</ul>,<ul>
<li><span style=""color: #1f497d;""><span style=""color: #000000;""><b>Add car hire</b> from £10 per day</span> </span></li>
<li>Stay for <b>four nights from £349 per person</b>,<b> five nights from £399</b> <b>per person</b> or for <b>seven nights from £499 per person</b></li>
</ul>","£279pp -- 5-Star Algarve Holiday fr Bristol, 52% Off,
                    
                         ,
                    
                ",,,,,,,,,,,,,"The 5-star Conrad Algarve hotel, winner of awards at the World Travel Awards and the World Luxury Hotels awards,,<span> has ""<span>striking interior designs"" according to <i>The Daily</i> <i>Telegraph. </i></span></span>,Stay there for ,<b>£279 per person</b>,, including flights, with this 3-night package from Fleetway Travel that ,<b>saves </b>,<b>up to 52% </b>,on competitors' rates."
,We are now transferring you ...,,,,,,,,,,,,,
"<ul>
<li>Return flights from London (Gatwick, Luton, Southend, Stansted), Belfast, Birmingham, Bournemouth, Bristol, Dublin, East Midlands, Glasgow, Leeds Bradford, Liverpool or Manchester.</li>
<li>Return transfers</li>
<li>Seven nights at the FERGUS Style Mar Mediterrania</li>
<li>Upgrade to a Double Room South View, <b>overlooking the sea</b></li>
<li><b>Daily breakfast and dinner</b></li>
</ul>,<ul>
<li>There is a supplement from £15 per person, per night for solo travellers</li>
<li>Alternatively, stay <b>five nights</b> for £199 per person, <b>10 nights</b> for £349 per person or <b>14 nights</b> for £399 per person</li>
</ul>","£269pp -- Spain: Catalonia Week w/Flights, Meals & Upgrade,
                    
                         ,
                    
                ",,,,,,,,,,,,,"This offer from Fleetway Travel showcases some of the best that Spain has to offer. For ,<b>£269 per person</b>,, you get a week at a beachfront hotel on the Costa Brava, with views of the Med on one side, a mountainous national park on the other and Barcelona within day-trip distance. And all for up to ,<b>33% less </b>,than it would cost to package the deal yourself."
"<ul>
<li>Return flights from London Gatwick, London Stansted or Manchester</li>
<li>Seven nights in an <b>upgraded Superior Room</b> at Elea Village on an <b>all-inclusive basis</b></li>
<li>Fruit basket and bottle of wine on arrival</li>
<li>Late checkout until 4pm</li>
<li><b>Day cruise with lunch and unlimited drinks**</b></li>
</ul>,<ul>
<li><b>Children under 12 travel</b> from £159 per person including transfers</li>
<li>Depart from <b>Mancheste</b>r from an extra £70 per person</li>
</ul>","£339pp -- Halkidiki All-Inc Week w/Cruise; Fly fr Manchester,
                    
                         ,
                    
                ",,,,,,,,,,,,,"For ,<b>golden-sand beaches</b>, that dip into a ,<b>crystalline Aegean Sea</b>,, we recommend visiting Halkidiki's forested peninsula, Sithonia. And this all-inclusive week -- including a,<b> cruise along the area's stunning coastline</b>, -- means you can do just that. At ,<b>£339 per person</b>,, this deal saves up to 26% on the price of self-packaging. "
,We are now transferring you ...,,,,,,,,,,,,,
"<ul>
<li>Return flights from Glasgow or Manchester</li>
<li>Transfers from Cape Town airport to the hotel</li>
<li><b>10 days' car hire with premium insurance and sat nav</b></li>
<li>Breakfast throughout</li>
<li>Three nights in <b>Cape Town</b> at the 4-star Rockwell All Suite Hotel &amp; Apartments in a 1-Bedroom Apartment</li>
<li><b>Hop-on, hop-off sightseeing bus tour in Cape Town­</b></li>
<li>Two nights in­ <b>Plettenberg Bay­</b> at the 4-star ­Redbourne Country Lodge­ in a Luxury Room</li>
<li>One night in <b>Cape St Francis</b> at the Cape St Francis Resort in a Club Break Room</li>
<li>Two nights in­ the <b>Addo Elephant National Park­</b> at the 5-star Kuzuko Lodge ­in a Luxury Chalet Room</li>
<li>Four game drives, plus breakfast, lunch and dinner at Kuzuko Lodge</li>
<li>Two nights in <b>Oudtshoorn­­</b> at the 4-star Mooiplaas Guesthouse in a Luxury Room</li>
<li>Tour of the Highgate Ostrich Show Farm in Oudtshoorn­­­</li>
<li>Two nights in­ <b>Stellenbosch</b> at the 4-star Spier Hotel in a Signature Room</li>
</ul>","£1319pp -- South Africa 12-Nt Trip w/Safari, fr Manchester,
                    
                         ,
                    
                ",,,,,,,,,,,,,"For ,<b>£1319 per person</b>,, travel across South Africa with this 12-night trip from British Travel Award-winners The Holiday Place. You'll visit Cape Town, drive along the Garden Route -- described as ""breathtakingly beautiful"" by ,<i>The Independent </i>,-- stay at a safari lodge and finish in the Stellenbosch winelands, all for ,<b>up to £1000 less than usual</b>,."
,We are now transferring you ...,,,,,,,,,,,,,
,We are now transferring you ...,,,,,,,,,,,,,
,We are now transferring you ...,,,,,,,,,,,,,
,"£349pp -- Venice: Ultra-Luxurious Private Island Break,
                    
                         ,
                    
                ",,,,,,,,,,,,,"Be among the first to experience the ,<b>brand-new</b>, JW Marriott Resort & Spa in Venice with this deal from Luxury Holiday Collection. The luxurious hotel is on a,<b> private island</b>, and has an ,<b>infinity pool overlooking the Venetian lagoon</b>, -- stay there for £349 per person, including flights, and ,<b>save up to 48%</b>, on the price of self-packaging. "
"<ul>
<li>Return flights from London (Gatwick, Stansted) or East Midlands</li>
<li>Five nights at the deluxe Hotel Bahia de Lobos</li>
<li><b>Upgrade to ­a Deluxe Pool View Room</b></li>
<li><b>All-inclusive board</b></li>
</ul>","£289pp -- Fuerteventura Deluxe All-Inclusive Holiday,
                    
                         ,
                    
                ",,,,,,,,,,,,,"With ""its dramatic volcano-carved landscape"", "",<b>unspoilt coast</b>,"" (the ,<i>Daily Express</i>,) and warm weather typical of the Canary Islands, Fuerteventura makes an ideal base for a spring or early summer escape. This holiday from Fleetway Travel is a great opportunity to take advantage of all this for,<b> £289 per person</b>,, including ,<b>all meals and drinks</b>,. "
"<ul>
<li>Return flights from London Gatwick, London Stansted or Manchester, with checked luggage</li>
<li>Seven nights at the 5-star Pilot Beach Resort</li>
<li><b>Upgrade to a Bungalow on the Beach with Sea Views</b></li>
<li>Daily breakfast and dinner</li>
<li>Welcome pack in the room on arrival (fruit, wine and­ water)</li>
<li><b>One­ Spa Thermal Experience per person</b>, ­including access to the sauna, bio sauna, steam bath and sprinkle showers</li>
<li>Children can eat and drink for free at the Tasty Corner every day from 11am-5pm</li>
</ul>","£299pp -- 5-Star Crete Escape w/Meals; Fly from Manchester,
                    
                         ,
                    
                ",,,,,,,,,,,,,"This spring, head to Crete's northwest shores for a week-long holiday, including an ,<b>upgrade to a bungalow next to the beach</b>,. At £299 per person, this offer works out ,<b>£42 per night, including meals</b>, and extra treats. "
"<ul>
<li>Return <b>flights from six airports</b></li>
<li>Four nights' accommodation at Fergus Paraiso Beach Hotel</li>
<li><b>All meals, snack and drinks</b></li>
<li>A <b>room upgrade to a Pool View Room</b></li>
<li>Bottle of wine on arrival</li>
</ul>,<ul>
<li><b>S</b><b>tay for three nights</b> from £149 per person</li>
<li><b>S</b><b>tay for seven nights</b> from £249 per person</li>
</ul>","£169pp -- Ibiza All-Inc 4-Nt Break w/Upgrade, Save up to 50%,
                    
                         ,
                    
                ",,,,,,,,,,,,,"This Ibiza break from Blue Sea Holidays, the first we've seen this year, is a real cracker: for ,<b>£169 per person -- </b>,a ,<b>saving of up to 50%</b>, against prices we've seen elsewhere -- you get ,<b>four all-inclusive nights in an upgraded room</b>, and flights from a choice of six airports, with five months of departure dates."
"<ul>
<li><span style=""color: #000000;"">Add <b>car hire</b> from £10 per day</span></li>
<li><span style=""color: #000000;""><b>Upgrade</b> to a Deluxe Sea View Room from £15 per person, per night</span></li>
<li><span style=""color: #000000;"">Stay <b>10 nights</b> from £399 per person or <b>14 nights</b> from £499 per person</span></li>
</ul>","£299pp -- Deluxe Cyprus Beach Holiday w/Meals, Save 53%,
                    
                         ,
                    
                ",,,,,,,,,,,,,"Limassol puts you within ""easy striking distance of some of ,<b>Cyprus' best historical remnants</b>,"", as well as the verdant Troodos Mountains, according to ,<i>Lonely Planet</i>,, while ,<i>Food and Travel </i>,magazine says it ""buzzes all year round"". For ,<b>£299 per person</b>, -- saving up to 53%** -- stay close to this Cypriot gem and get flights and meals included too.  "
"<ul>
<li><b>Two nights' accommodation</b> in a Standard Double or Twin room, with a complimentary room upgrade (subject to availability on arrival, worth up to £60)</li>
<li>Full English breakfast on both mornings (worth £15 per person, per day)</li>
<li><b>3-course set-menu dinner</b> on the first night (up to the value of £26 per person)</li>
<li>Bottle of house red wine in the room on arrival (worth £20.50)</li>
<li>Late checkout until 1pm (worth £20)</li>
<li>25% discount on all pre-booked spa treatments (Sunday-Friday) and full use of the health club</li>
<li>50% off all pre-booked rounds of golf</li>
</ul>","£99pp -- York: Deluxe 2-Night Break inc Meals, Was £163+,
                    
                         ,
                    
                ",,,,,,,,,,,,,"Hotels close to the historic attractions and walking trails of the North York Moors usually come at a premium price, but this ,<b>2-night perk-filled package </b>,from Aldwark Manor Golf & Spa Hotel is now 36% cheaper than usual at ,<b>£99 per person</b>,."
"<strong>What: </strong>,Stay in an upgraded Queensgate Double Room  for £135 per night,<br>,<strong>When:</strong>,  This offer is valid for stays seven days a week until 12 April,<br>,<strong>Includes: </strong>,As well as a guaranteed upgrade to a Queensgate Double Room, the deal also includes daily full English breakfast (worth £17.50 per person) & a bottle of wine on arrival (worth £17.50),<br>,<strong>Other offers:</strong>, Upgrade to a Duplex Suite for an extra £74,<br>,<br>,Based on two adults sharing, see Policies & fees for information about staying with children. Please state in the special requests field if you would prefer twin beds",£135 -- London: 4-Star Kensington Stay w/Breakfast & Wine,http://www.travelzoo.com/uk/hotel-booking/2191?adid=1950183,,,,,,,,,,,"<ul><li>An overnight stay for two at this central London hotel is now £135 instead of up to £293, saving up to 54%</li><li>The hotel is less than a 10-minute walk away from The Natural History Museum &amp; The Victoria &amp; Albert Museum</li><li>The deal is valid seven days a week until 12 April</li><li>Check out our <strong><a href=""http://www.travelzoo.com/uk/redirect.ashx?id=1756837&amp;l=http%3a%2f%2fwww.travelzoo.com%2fuk%2flocal-deals%2flondon%2fdeals%3ftz_cs%3dhpv1&amp;_t=h5bqsdyitbmgla8bfbm"">Local Deals for London</a></strong> for discounts on afternoon tea, city tours, shows &amp; more</li></ul>",
"<strong>What:</strong>, Upgraded Country House Double Room,<strong> </strong>,for £99 per night,<strong><br>When: </strong>,Sunday-Friday until 15 May; +£30 per room Saturday,<strong><br>Includes: </strong>,Daily full English breakfast, prosecco on arrival (one glass per person) & a Rodborough Common Cream Tea each -- two warm scones, clotted cream, honey or strawberry jam & a pot of tea,<br>,<br>,Based on two adults sharing, see Policies & fees for information  about staying with children. Please state in the special requests field  if you would prefer twin beds,<strong></strong>","£99 – Cotswolds Historic Stay w/Upgrade & Extras, 42% Off",http://www.travelzoo.com/uk/hotel-booking/2198/?adid=1956917,,,,,,,,,,,"<ul><li>An overnight stay for two people in an upgraded room in the heart of the Cotswolds is now 42% off</li><li>Bath, Gloucester, Cheltenham and Bristol are all within an hour's drive of the hotel</li><li>It has an AA-Rosette-awarded restaurant on site</li><li>Some parts of the property date from the 17th century</li><li>It has a VisitEngland Gold Award &amp; a Breakfast Award</li></ul>",
"<ul><li>It's £129 for stays until 30 April and £149 for stays from 1 May-30 June; it's an extra £10 for Friday- and Saturday-night stays (payable to the hotel direct)</li><li>Overnight accommodation for two people in an upgraded Superior Double Room with full English breakfast</li><li>
A 3-course à la carte dinner for two (worth £35 per person)</li><li>
A glass of wine each on arrival (worth £5.10 per person)</li><li>
<b>A 2-night stay, with the second night on a bed-and-breakfast basis, is £239 per room for stays until 30 April and £259 for stays from 1 May-30 June</b></li></ul>",£129 -- 'Fabulous' Cornwall Beachfront Hotel w/Meals & Wine,http://www.travelzoo.com/uk/local-deals/Southwest/Getaway/162579?tz_adid=1953975,Tel: 01736 795311,£129,£320,60% off,"Carbis Bay,St Ives,  TR26 2NP","<b>Not available on</b>, 2-6 April; 23-29 May; 6, 13, 20, 27 June. Subject to availability. Rooms at the promotional price are limited, so early booking is advised.",Carbis Bay Hotel,52 bought,"
	
                                ,
                            
",,"<ul><li>You <b>save a sizeable 60% </b>on this stay-and-dine break on the Cornish coast<br></li><li>You get a 3-course meal in the property's <b>AA-Rosette restaurant</b>, which looks out over Carbis Bay Beach<br></li><li>The hotel is described as a ''fabulous'' property (<i>Northwich Guardian</i>) in a ''peaceful location'' (<i>The AA Hotel Guide 2015</i>)<br></li><li>The Tate gallery in St Ives is 10 minutes away by car and St Michael's Mount (an island with a hilltop castle that is reachable on foot at low tide) is 15 minutes away<br></li><li>When we last ran this deal,<b> </b>95% of Travelzoo members who reviewed their stay said they loved it, praising the ""excellent food"", ""fantastic location"" and ""friendly staff"" at this <b>""Cornish gem""</b></li></ul>","
                        Situated on a hillside overlooking its own ,<b>Blue Flag beach</b>,, the Carbis Bay Hotel in St Ives has ,<b>""an unrivalled position""</b>,, says ,<i>The Daily Telegraph</i>,. Overnight stays for two at this Cornish hideaway -- including dinner and wine -- are now £129.
                    "
"<strong>What: </strong>,Stay in an upgraded Queensgate Double Room  for £135 per night,<br>,<strong>When:</strong>,  This offer is valid for stays seven days a week until 12 April,<br>,<strong>Includes: </strong>,As well as a guaranteed upgrade to a Queensgate Double Room, the deal also includes daily full English breakfast (worth £17.50 per person) & a bottle of wine on arrival (worth £17.50),<br>,<strong>Other offers:</strong>, Upgrade to a Duplex Suite for an extra £74,<br>,<br>,Based on two adults sharing, see Policies & fees for information about staying with children. Please state in the special requests field if you would prefer twin beds",£135 -- London: 4-Star Kensington Stay w/Breakfast & Wine,http://www.travelzoo.com/uk/hotel-booking/2191?adid=1949300,,,,,,,,,,,"<ul><li>An overnight stay for two at this central London hotel is now £135 instead of up to £293, saving up to 54%</li><li>The hotel is less than a 10-minute walk away from The Natural History Museum &amp; The Victoria &amp; Albert Museum</li><li>The deal is valid seven days a week until 12 April</li><li>Check out our <strong><a href=""http://www.travelzoo.com/uk/redirect.ashx?id=1756837&amp;l=http%3a%2f%2fwww.travelzoo.com%2fuk%2flocal-deals%2flondon%2fdeals%3ftz_cs%3dhpv1&amp;_t=h5bqsdyitbmgla8bfbm"">Local Deals for London</a></strong> for discounts on afternoon tea, city tours, shows &amp; more</li></ul>",
"<ul><li>Valid for stays until 31 May; Saturday-night stays are an extra £20 per room (payable to the hotel direct)</li><li>Overnight accommodation for two in a Superior Room with full Cumbrian breakfast (regularly up to £170)</li><li>
7-course tasting-menu dinner for two in the 2-AA-Rosette restaurant (worth £59.50 per person)</li><li>Matching wines with dinner (worth £24.75 per person)</li><li>
A <b>2-night stay is £179 per room</b>, with the extra night on a bed-and-breakfast basis</li></ul>","£129 -- Gourmet Cumbria Getaway inc Dining & Wine, Was £338",http://www.travelzoo.com/uk/local-deals/Northwest/Getaway/162572?tz_adid=1955031,Tel: 01434 381203,£129,£338.50,62% off,"Lovelady Lane,Alston,  CA9 3LX","<b>Not available on</b>, 13-14 February. Subject to availability. Rooms at the promotional price are limited, so early booking is advised.",Lovelady Shield Country House Hotel,96 bought,"
	
                                ,
                            
",,"<ul><li>You <b>save up to 62%</b> on overnight stays at Lovelady Shield a ""delightful"" (The AA) country house hotel on the edge of the Lake District</li><li>This package includes a 7-course tasting-menu dinner with matching wines for two in the 2-AA-Rosette restaurant<br></li><li>Tuck into a Cumbrian breakfast that boasts a VisitBritain Breakfast Award <br></li><li>This country manor is set in landscaped gardens on the site of a 13th-century convent on the Pennine Way, 22 miles south of Northumberland National Park</li></ul>","
                        Here's a chance to stay at a Cumbrian hideaway praised by ,<i>The Daily Telegraph </i>,for its ,<b>""old-fashioned charm""</b>,, ""delicious"" food and ""blissfully comfortable"" beds, while ,<b>saving over £200</b>,.
                    "
